192.168.32.8,2024-08-03 02:02:32.0,/api/v1/resource10,653,410
192.168.32.2,2024-08-16 06:54:52.0,/api/v1/resource1,614,404
192.168.32.5,2024-08-13 13:45:48.0,/api/v1/resource6,588,302
192.168.32.2,2024-08-05 03:40:32.0,/api/v1/resource7,291,302
192.168.32.2,2024-08-20 17:26:35.0,/api/v1/resource2,387,404
192.168.32.2,2024-08-15 08:39:15.0,/api/v1/resource6,143,200
192.168.32.5,2024-08-19 05:58:16.0,/api/v1/resource6,874,200
192.168.32.5,2024-08-25 19:59:52.0,/api/v1/resource4,935,200
192.168.32.9,2024-08-08 15:38:21.0,/api/v1/resource2,544,301
192.168.32.10,2024-08-31 18:11:26.0,/api/v1/resource10,872,200
192.168.32.9,2024-08-08 08:35:54.0,/api/v1/resource2,189,301
192.168.32.1,2024-08-08 01:23:28.0,/api/v1/resource2,289,200
192.168.32.3,2024-08-05 01:43:30.0,/api/v1/resource2,663,200
192.168.32.2,2024-08-26 20:56:43.0,/api/v1/resource5,365,500
192.168.32.10,2024-08-06 03:21:52.0,/api/v1/resource4,954,403
192.168.32.10,2024-08-04 04:48:57.0,/api/v1/resource4,937,503
192.168.32.7,2024-08-09 15:19:14.0,/api/v1/resource4,140,403
192.168.32.1,2024-08-06 05:55:44.0,/api/v1/resource5,592,403
192.168.32.3,2024-08-14 00:42:31.0,/api/v1/resource3,163,500
192.168.32.4,2024-08-02 15:04:46.0,/api/v1/resource7,987,502
192.168.32.8,2024-08-18 14:51:11.0,/api/v1/resource5,991,410
192.168.32.1,2024-08-27 12:31:40.0,/api/v1/resource8,779,503
192.168.32.7,2024-08-04 10:46:11.0,/api/v1/resource7,778,403
192.168.32.4,2024-08-06 01:07:37.0,/api/v1/resource7,727,502
192.168.32.7,2024-08-05 07:13:55.0,/api/v1/resource6,780,503
192.168.32.2,2024-08-29 00:08:35.0,/api/v1/resource3,948,410
192.168.32.3,2024-08-21 07:51:46.0,/api/v1/resource5,636,500
192.168.32.8,2024-08-04 16:00:27.0,/api/v1/resource8,217,410
192.168.32.5,2024-08-04 11:13:11.0,/api/v1/resource10,963,503
192.168.32.4,2024-08-22 10:43:48.0,/api/v1/resource9,740,401
192.168.32.8,2024-08-08 07:58:56.0,/api/v1/resource4,428,200
192.168.32.4,2024-08-25 20:55:34.0,/api/v1/resource2,480,410
192.168.32.2,2024-08-15 08:06:23.0,/api/v1/resource4,857,503
192.168.32.6,2024-08-22 08:48:32.0,/api/v1/resource7,965,301
192.168.32.10,2024-08-26 22:03:21.0,/api/v1/resource7,849,503
192.168.32.8,2024-08-21 10:35:49.0,/api/v1/resource7,381,301
192.168.32.1,2024-08-24 04:38:20.0,/api/v1/resource3,822,404
192.168.32.7,2024-08-10 06:52:22.0,/api/v1/resource8,530,404
192.168.32.8,2024-08-09 19:41:03.0,/api/v1/resource8,631,502
192.168.32.4,2024-08-12 15:12:02.0,/api/v1/resource5,244,404
192.168.32.5,2024-08-10 11:54:04.0,/api/v1/resource5,1000,404
192.168.32.4,2024-08-24 04:11:15.0,/api/v1/resource1,570,500
192.168.32.8,2024-08-22 09:36:17.0,/api/v1/resource7,879,200
192.168.32.10,2024-08-04 11:36:05.0,/api/v1/resource6,164,410
192.168.32.7,2024-08-13 09:51:11.0,/api/v1/resource2,251,404
192.168.32.3,2024-08-22 01:57:01.0,/api/v1/resource10,443,301
192.168.32.1,2024-08-21 11:04:13.0,/api/v1/resource1,687,410
192.168.32.2,2024-08-23 19:15:44.0,/api/v1/resource2,730,200
192.168.32.10,2024-08-04 17:26:04.0,/api/v1/resource3,878,200
192.168.32.2,2024-08-06 12:05:26.0,/api/v1/resource7,437,404
192.168.32.3,2024-08-10 09:55:31.0,/api/v1/resource5,332,404
192.168.32.8,2024-08-02 09:27:57.0,/api/v1/resource5,218,410
192.168.32.4,2024-08-04 08:36:57.0,/api/v1/resource9,269,301
192.168.32.9,2024-08-28 23:51:58.0,/api/v1/resource6,805,500
192.168.32.3,2024-08-13 23:15:32.0,/api/v1/resource1,640,403
192.168.32.3,2024-08-27 08:10:59.0,/api/v1/resource10,982,302
192.168.32.3,2024-08-31 19:05:25.0,/api/v1/resource9,649,302
192.168.32.7,2024-08-27 16:24:50.0,/api/v1/resource4,837,301
192.168.32.5,2024-08-03 16:36:06.0,/api/v1/resource3,101,200
192.168.32.10,2024-08-08 09:41:12.0,/api/v1/resource9,707,403
192.168.32.5,2024-08-19 08:38:33.0,/api/v1/resource1,676,200
192.168.32.4,2024-08-08 08:39:48.0,/api/v1/resource5,201,401
192.168.32.7,2024-08-25 06:31:09.0,/api/v1/resource1,216,503
192.168.32.4,2024-08-13 23:06:05.0,/api/v1/resource7,877,200
192.168.32.3,2024-08-18 15:49:16.0,/api/v1/resource7,142,200
192.168.32.8,2024-08-17 08:52:56.0,/api/v1/resource5,261,403
192.168.32.1,2024-08-01 04:26:44.0,/api/v1/resource1,523,302
192.168.32.4,2024-08-14 03:45:59.0,/api/v1/resource10,167,503
192.168.32.3,2024-08-24 00:25:29.0,/api/v1/resource2,452,200
192.168.32.10,2024-08-17 14:01:02.0,/api/v1/resource5,107,404
192.168.32.10,2024-08-09 20:29:35.0,/api/v1/resource10,370,503
192.168.32.6,2024-08-14 06:27:36.0,/api/v1/resource1,378,404
192.168.32.4,2024-08-15 20:36:17.0,/api/v1/resource4,862,503
192.168.32.1,2024-08-07 03:24:58.0,/api/v1/resource8,657,404
192.168.32.9,2024-08-08 04:00:19.0,/api/v1/resource2,829,200
192.168.32.10,2024-08-19 11:01:58.0,/api/v1/resource9,864,401
192.168.32.1,2024-08-30 08:59:15.0,/api/v1/resource2,210,401
192.168.32.5,2024-08-21 06:24:58.0,/api/v1/resource9,478,502
192.168.32.6,2024-08-26 20:58:27.0,/api/v1/resource10,994,404
192.168.32.10,2024-08-26 20:45:05.0,/api/v1/resource8,420,502
192.168.32.10,2024-08-27 20:05:15.0,/api/v1/resource7,214,503
192.168.32.1,2024-08-19 19:31:01.0,/api/v1/resource5,381,503
192.168.32.9,2024-08-13 06:33:08.0,/api/v1/resource3,746,410
192.168.32.3,2024-08-18 05:27:37.0,/api/v1/resource3,321,503
192.168.32.1,2024-08-05 13:58:40.0,/api/v1/resource6,786,410
192.168.32.6,2024-08-01 19:48:04.0,/api/v1/resource8,940,403
192.168.32.9,2024-08-09 02:41:06.0,/api/v1/resource10,981,301
192.168.32.8,2024-08-25 17:59:06.0,/api/v1/resource1,837,404
192.168.32.4,2024-08-21 00:14:21.0,/api/v1/resource9,778,404
192.168.32.3,2024-08-28 16:39:59.0,/api/v1/resource10,304,404
192.168.32.7,2024-08-30 04:47:03.0,/api/v1/resource8,759,500
192.168.32.2,2024-08-15 22:31:30.0,/api/v1/resource7,820,200
192.168.32.2,2024-08-07 11:13:53.0,/api/v1/resource4,715,500
192.168.32.4,2024-08-03 14:37:52.0,/api/v1/resource7,851,503
192.168.32.7,2024-08-08 17:51:20.0,/api/v1/resource2,278,500
192.168.32.1,2024-08-23 00:45:24.0,/api/v1/resource3,538,500
192.168.32.6,2024-08-26 21:34:53.0,/api/v1/resource2,592,403
192.168.32.4,2024-08-09 07:37:29.0,/api/v1/resource6,920,302
192.168.32.8,2024-08-13 03:28:50.0,/api/v1/resource3,903,200
192.168.32.5,2024-08-17 10:12:22.0,/api/v1/resource10,320,401
192.168.32.9,2024-08-09 02:34:35.0,/api/v1/resource3,777,410
192.168.32.1,2024-08-10 23:16:52.0,/api/v1/resource1,811,401
192.168.32.8,2024-08-04 18:10:21.0,/api/v1/resource3,295,500
192.168.32.4,2024-08-14 19:12:17.0,/api/v1/resource10,469,200
192.168.32.8,2024-08-25 08:35:51.0,/api/v1/resource10,185,502
192.168.32.4,2024-08-18 06:00:16.0,/api/v1/resource2,619,502
192.168.32.7,2024-08-16 10:32:33.0,/api/v1/resource6,559,403
192.168.32.3,2024-08-08 22:12:01.0,/api/v1/resource2,273,301
192.168.32.4,2024-08-04 18:06:06.0,/api/v1/resource7,597,403
192.168.32.9,2024-08-28 20:59:30.0,/api/v1/resource3,829,403
192.168.32.9,2024-08-16 04:10:39.0,/api/v1/resource3,892,302
192.168.32.6,2024-08-04 17:44:26.0,/api/v1/resource2,568,403
192.168.32.8,2024-08-01 00:06:25.0,/api/v1/resource8,816,404
192.168.32.6,2024-08-10 17:05:17.0,/api/v1/resource8,367,403
192.168.32.7,2024-08-18 15:03:04.0,/api/v1/resource10,699,500
192.168.32.2,2024-08-04 06:27:34.0,/api/v1/resource4,230,503
192.168.32.3,2024-08-31 02:34:44.0,/api/v1/resource3,308,410
192.168.32.4,2024-08-04 16:40:34.0,/api/v1/resource2,294,302
192.168.32.3,2024-08-20 18:42:39.0,/api/v1/resource9,665,500
192.168.32.2,2024-08-04 09:06:00.0,/api/v1/resource6,197,301
192.168.32.2,2024-08-28 04:13:09.0,/api/v1/resource7,355,502
192.168.32.9,2024-08-21 08:28:19.0,/api/v1/resource1,605,410
192.168.32.1,2024-08-08 16:21:09.0,/api/v1/resource4,830,500
192.168.32.5,2024-08-07 23:33:37.0,/api/v1/resource7,691,301
192.168.32.7,2024-08-16 10:46:37.0,/api/v1/resource7,538,200
192.168.32.10,2024-08-14 23:14:34.0,/api/v1/resource2,972,410
192.168.32.9,2024-08-29 00:36:19.0,/api/v1/resource3,718,404
192.168.32.3,2024-08-22 11:37:15.0,/api/v1/resource7,119,200
192.168.32.3,2024-08-30 18:45:36.0,/api/v1/resource10,800,301
192.168.32.8,2024-08-10 23:51:30.0,/api/v1/resource10,232,403
192.168.32.9,2024-08-18 13:34:51.0,/api/v1/resource10,415,410
192.168.32.9,2024-08-03 15:01:49.0,/api/v1/resource6,502,404
192.168.32.10,2024-08-21 18:55:31.0,/api/v1/resource6,846,200
192.168.32.5,2024-08-02 15:32:06.0,/api/v1/resource8,800,404
192.168.32.6,2024-08-11 06:06:38.0,/api/v1/resource5,879,502
192.168.32.4,2024-08-18 14:20:55.0,/api/v1/resource3,693,403
192.168.32.4,2024-08-12 07:16:21.0,/api/v1/resource8,344,502
192.168.32.1,2024-08-16 23:01:38.0,/api/v1/resource7,140,301
192.168.32.10,2024-08-17 22:52:06.0,/api/v1/resource9,330,410
192.168.32.10,2024-08-22 06:46:17.0,/api/v1/resource8,574,302
192.168.32.9,2024-08-12 08:57:00.0,/api/v1/resource6,138,503
192.168.32.9,2024-08-29 04:30:13.0,/api/v1/resource4,542,502
192.168.32.1,2024-08-06 18:13:38.0,/api/v1/resource6,964,403
192.168.32.9,2024-08-21 23:30:12.0,/api/v1/resource1,308,200
192.168.32.1,2024-08-20 13:22:13.0,/api/v1/resource4,903,200
192.168.32.5,2024-08-02 17:31:10.0,/api/v1/resource1,424,503
192.168.32.6,2024-08-22 01:38:26.0,/api/v1/resource6,221,301
192.168.32.7,2024-08-10 17:10:13.0,/api/v1/resource4,391,401
192.168.32.1,2024-08-17 23:21:55.0,/api/v1/resource8,810,200
192.168.32.5,2024-08-15 21:17:53.0,/api/v1/resource9,950,500
192.168.32.3,2024-08-27 17:49:15.0,/api/v1/resource1,759,302
192.168.32.7,2024-08-25 01:53:51.0,/api/v1/resource5,432,401
192.168.32.1,2024-08-15 01:40:12.0,/api/v1/resource9,785,403
192.168.32.3,2024-08-25 04:28:54.0,/api/v1/resource10,120,404
192.168.32.7,2024-08-16 13:11:25.0,/api/v1/resource3,445,401
192.168.32.6,2024-08-22 14:17:03.0,/api/v1/resource8,124,502
192.168.32.5,2024-08-15 00:50:19.0,/api/v1/resource7,789,401
192.168.32.5,2024-08-17 18:43:30.0,/api/v1/resource8,841,503
192.168.32.4,2024-08-15 19:58:20.0,/api/v1/resource3,231,503
192.168.32.6,2024-08-08 22:10:11.0,/api/v1/resource7,804,500
192.168.32.5,2024-08-26 18:55:05.0,/api/v1/resource4,109,500
192.168.32.10,2024-08-03 23:42:06.0,/api/v1/resource9,596,200
192.168.32.3,2024-08-17 11:51:16.0,/api/v1/resource6,149,404
192.168.32.9,2024-08-04 15:27:56.0,/api/v1/resource8,567,410
192.168.32.3,2024-08-20 12:15:03.0,/api/v1/resource8,840,403
192.168.32.7,2024-08-11 20:30:31.0,/api/v1/resource2,553,403
192.168.32.7,2024-08-16 20:52:52.0,/api/v1/resource7,757,410
192.168.32.3,2024-08-16 02:43:02.0,/api/v1/resource10,150,403
192.168.32.9,2024-08-20 02:51:04.0,/api/v1/resource9,360,301
192.168.32.7,2024-08-06 20:00:26.0,/api/v1/resource4,108,403
192.168.32.1,2024-08-28 00:48:36.0,/api/v1/resource5,761,503
192.168.32.2,2024-08-07 13:48:47.0,/api/v1/resource6,239,403
192.168.32.3,2024-08-29 10:36:55.0,/api/v1/resource7,851,301
192.168.32.10,2024-08-26 11:08:43.0,/api/v1/resource4,737,301
192.168.32.8,2024-08-24 19:10:12.0,/api/v1/resource1,617,401
192.168.32.5,2024-08-18 18:06:50.0,/api/v1/resource10,208,403
192.168.32.3,2024-08-25 05:45:05.0,/api/v1/resource6,766,302
192.168.32.8,2024-08-21 00:57:57.0,/api/v1/resource9,584,503
192.168.32.8,2024-08-02 22:43:13.0,/api/v1/resource10,466,403
192.168.32.4,2024-08-18 03:32:08.0,/api/v1/resource7,290,301
192.168.32.4,2024-08-04 13:58:08.0,/api/v1/resource4,237,503
192.168.32.2,2024-08-05 07:43:04.0,/api/v1/resource6,372,503
192.168.32.2,2024-08-10 13:01:03.0,/api/v1/resource4,573,200
192.168.32.4,2024-08-23 12:48:57.0,/api/v1/resource2,834,301
192.168.32.6,2024-08-21 11:58:15.0,/api/v1/resource3,610,401
192.168.32.1,2024-08-14 23:07:28.0,/api/v1/resource9,526,302
192.168.32.9,2024-08-08 11:58:09.0,/api/v1/resource5,401,302
192.168.32.9,2024-08-23 23:51:21.0,/api/v1/resource7,136,502
192.168.32.4,2024-08-05 18:03:55.0,/api/v1/resource7,777,200
192.168.32.1,2024-08-23 12:27:27.0,/api/v1/resource7,894,503
192.168.32.4,2024-08-11 22:33:57.0,/api/v1/resource3,796,301
192.168.32.6,2024-08-25 13:38:59.0,/api/v1/resource7,458,404
192.168.32.7,2024-08-27 03:51:31.0,/api/v1/resource1,807,404
192.168.32.6,2024-08-07 13:46:18.0,/api/v1/resource8,601,500
192.168.32.5,2024-08-01 12:43:12.0,/api/v1/resource2,304,502
192.168.32.7,2024-08-22 12:33:12.0,/api/v1/resource1,409,200
192.168.32.4,2024-08-27 15:18:42.0,/api/v1/resource2,423,302
192.168.32.1,2024-08-06 05:14:22.0,/api/v1/resource5,763,302
192.168.32.9,2024-08-30 19:40:22.0,/api/v1/resource7,773,302
192.168.32.8,2024-08-19 16:42:53.0,/api/v1/resource3,819,401
192.168.32.8,2024-08-05 04:01:50.0,/api/v1/resource8,805,503
192.168.32.6,2024-08-18 10:56:48.0,/api/v1/resource2,801,302
192.168.32.9,2024-08-28 02:42:04.0,/api/v1/resource7,741,302
192.168.32.4,2024-08-30 08:49:39.0,/api/v1/resource1,228,502
192.168.32.5,2024-08-17 09:23:28.0,/api/v1/resource5,172,403
192.168.32.2,2024-08-29 10:31:28.0,/api/v1/resource10,466,401
192.168.32.9,2024-08-04 09:45:13.0,/api/v1/resource6,195,401
192.168.32.10,2024-08-24 02:14:57.0,/api/v1/resource10,930,403
192.168.32.6,2024-08-12 06:57:47.0,/api/v1/resource4,525,404
192.168.32.4,2024-08-17 11:20:00.0,/api/v1/resource7,437,502
192.168.32.8,2024-08-20 01:23:44.0,/api/v1/resource5,590,301
192.168.32.4,2024-08-31 13:03:21.0,/api/v1/resource8,760,403
192.168.32.3,2024-08-14 20:49:22.0,/api/v1/resource5,302,200
192.168.32.1,2024-08-23 07:14:13.0,/api/v1/resource3,606,302
192.168.32.6,2024-08-28 13:34:50.0,/api/v1/resource9,248,502
192.168.32.1,2024-08-25 02:56:21.0,/api/v1/resource2,990,200
192.168.32.7,2024-08-17 11:06:55.0,/api/v1/resource2,418,503
192.168.32.7,2024-08-09 05:32:25.0,/api/v1/resource3,961,503
192.168.32.8,2024-08-31 06:22:49.0,/api/v1/resource8,894,503
192.168.32.7,2024-08-15 23:02:41.0,/api/v1/resource2,584,302
192.168.32.7,2024-08-04 11:34:02.0,/api/v1/resource1,498,302
192.168.32.5,2024-08-27 12:49:42.0,/api/v1/resource3,291,403
192.168.32.4,2024-08-30 08:41:05.0,/api/v1/resource5,912,302
192.168.32.3,2024-08-01 09:39:06.0,/api/v1/resource2,959,502
192.168.32.2,2024-08-02 12:08:29.0,/api/v1/resource4,943,200
192.168.32.10,2024-08-10 23:55:48.0,/api/v1/resource4,816,503
192.168.32.6,2024-08-04 01:45:34.0,/api/v1/resource4,391,404
192.168.32.5,2024-08-06 07:00:06.0,/api/v1/resource6,348,503
192.168.32.5,2024-08-13 22:39:02.0,/api/v1/resource1,925,302
192.168.32.3,2024-08-05 07:26:25.0,/api/v1/resource10,624,404
192.168.32.7,2024-08-30 02:01:26.0,/api/v1/resource2,986,200
192.168.32.3,2024-08-24 02:27:52.0,/api/v1/resource8,256,404
192.168.32.4,2024-08-10 04:37:01.0,/api/v1/resource5,592,404
192.168.32.8,2024-08-10 08:46:02.0,/api/v1/resource1,385,500
192.168.32.5,2024-08-14 11:23:31.0,/api/v1/resource6,469,301
192.168.32.4,2024-08-17 21:41:41.0,/api/v1/resource4,759,500
192.168.32.4,2024-08-28 13:55:52.0,/api/v1/resource7,363,410
192.168.32.1,2024-08-18 04:17:14.0,/api/v1/resource4,933,502
192.168.32.3,2024-08-06 19:49:11.0,/api/v1/resource3,140,301
192.168.32.7,2024-08-26 03:40:51.0,/api/v1/resource5,243,200
192.168.32.7,2024-08-08 23:16:35.0,/api/v1/resource3,323,503
192.168.32.1,2024-08-20 00:39:27.0,/api/v1/resource8,927,403
192.168.32.6,2024-08-06 07:33:58.0,/api/v1/resource4,475,503
192.168.32.9,2024-08-16 05:29:03.0,/api/v1/resource1,992,410
192.168.32.9,2024-08-16 15:47:59.0,/api/v1/resource9,307,502
192.168.32.9,2024-08-26 22:45:51.0,/api/v1/resource10,207,302
192.168.32.5,2024-08-30 16:54:49.0,/api/v1/resource7,442,403
192.168.32.2,2024-08-10 18:40:15.0,/api/v1/resource3,559,403
192.168.32.3,2024-08-14 21:41:54.0,/api/v1/resource7,998,200
192.168.32.6,2024-08-08 02:41:19.0,/api/v1/resource7,841,301
192.168.32.6,2024-08-08 15:41:02.0,/api/v1/resource3,244,403
192.168.32.10,2024-08-13 13:40:08.0,/api/v1/resource3,187,302
192.168.32.5,2024-08-09 19:43:40.0,/api/v1/resource1,666,301
192.168.32.6,2024-08-09 01:34:53.0,/api/v1/resource7,275,302
192.168.32.5,2024-08-07 11:09:01.0,/api/v1/resource4,901,401
192.168.32.1,2024-08-13 02:27:52.0,/api/v1/resource3,933,500
192.168.32.3,2024-08-04 05:43:10.0,/api/v1/resource8,600,410
192.168.32.9,2024-08-03 01:06:39.0,/api/v1/resource1,119,500
192.168.32.2,2024-08-06 00:41:26.0,/api/v1/resource8,779,403
192.168.32.4,2024-08-15 19:01:06.0,/api/v1/resource1,246,301
192.168.32.7,2024-08-28 15:27:45.0,/api/v1/resource2,772,502
192.168.32.4,2024-08-18 17:31:30.0,/api/v1/resource6,867,301
192.168.32.10,2024-08-16 00:22:21.0,/api/v1/resource6,487,401
192.168.32.9,2024-08-21 08:55:42.0,/api/v1/resource9,891,401
192.168.32.7,2024-08-23 10:41:20.0,/api/v1/resource2,902,302
192.168.32.6,2024-08-04 07:48:22.0,/api/v1/resource7,946,301
192.168.32.7,2024-08-04 20:41:37.0,/api/v1/resource6,194,410
192.168.32.10,2024-08-20 09:34:36.0,/api/v1/resource2,721,401
192.168.32.2,2024-08-30 12:02:19.0,/api/v1/resource4,372,502
192.168.32.3,2024-08-20 17:41:50.0,/api/v1/resource4,758,404
192.168.32.2,2024-08-31 01:04:09.0,/api/v1/resource2,188,404
192.168.32.8,2024-08-23 09:46:25.0,/api/v1/resource9,334,500
192.168.32.1,2024-08-22 03:57:43.0,/api/v1/resource3,645,302
192.168.32.6,2024-08-13 19:47:05.0,/api/v1/resource9,690,500
192.168.32.5,2024-08-07 04:37:12.0,/api/v1/resource4,477,302
192.168.32.2,2024-08-26 12:38:41.0,/api/v1/resource10,194,401
192.168.32.9,2024-08-10 09:21:21.0,/api/v1/resource8,269,502
192.168.32.5,2024-08-06 23:06:13.0,/api/v1/resource3,661,503
192.168.32.8,2024-08-05 09:48:50.0,/api/v1/resource3,996,410
192.168.32.3,2024-08-24 17:57:54.0,/api/v1/resource1,280,404
192.168.32.6,2024-08-18 18:29:13.0,/api/v1/resource4,277,302
192.168.32.4,2024-08-04 06:23:37.0,/api/v1/resource9,891,401
192.168.32.4,2024-08-29 21:30:35.0,/api/v1/resource5,604,404
192.168.32.8,2024-08-30 04:02:18.0,/api/v1/resource5,145,301
192.168.32.4,2024-08-25 12:14:55.0,/api/v1/resource6,656,401
192.168.32.4,2024-08-25 19:15:46.0,/api/v1/resource1,160,410
192.168.32.5,2024-08-02 05:40:15.0,/api/v1/resource10,659,410
192.168.32.8,2024-08-28 22:39:08.0,/api/v1/resource2,871,302
192.168.32.9,2024-08-26 04:16:08.0,/api/v1/resource3,555,401
192.168.32.6,2024-08-25 22:29:11.0,/api/v1/resource10,907,403
192.168.32.2,2024-08-08 14:14:25.0,/api/v1/resource6,209,200
192.168.32.5,2024-08-24 11:31:40.0,/api/v1/resource1,504,502
192.168.32.6,2024-08-07 11:41:22.0,/api/v1/resource6,143,200
192.168.32.10,2024-08-17 20:59:14.0,/api/v1/resource3,598,503
192.168.32.10,2024-08-19 15:20:26.0,/api/v1/resource8,660,403
192.168.32.3,2024-08-24 09:03:50.0,/api/v1/resource7,686,404
192.168.32.8,2024-08-25 17:02:36.0,/api/v1/resource4,403,410
192.168.32.6,2024-08-21 20:33:22.0,/api/v1/resource2,186,301
192.168.32.8,2024-08-04 16:11:09.0,/api/v1/resource6,892,401
192.168.32.8,2024-08-24 10:19:18.0,/api/v1/resource3,340,401
192.168.32.10,2024-08-24 00:37:47.0,/api/v1/resource10,482,503
192.168.32.1,2024-08-13 13:03:39.0,/api/v1/resource3,380,503
192.168.32.2,2024-08-13 23:34:54.0,/api/v1/resource5,742,403
192.168.32.5,2024-08-07 10:04:26.0,/api/v1/resource3,143,403
192.168.32.7,2024-08-14 19:34:53.0,/api/v1/resource6,370,500
192.168.32.2,2024-08-19 01:39:11.0,/api/v1/resource5,319,401
192.168.32.4,2024-08-10 00:55:57.0,/api/v1/resource4,242,200
192.168.32.4,2024-08-16 19:24:17.0,/api/v1/resource6,232,200
192.168.32.6,2024-08-07 08:28:15.0,/api/v1/resource7,873,200
192.168.32.8,2024-08-11 23:19:14.0,/api/v1/resource3,248,403
192.168.32.3,2024-08-08 21:34:55.0,/api/v1/resource4,958,404
192.168.32.7,2024-08-14 17:07:59.0,/api/v1/resource9,311,502
192.168.32.1,2024-08-10 15:22:15.0,/api/v1/resource10,852,301
192.168.32.3,2024-08-23 23:58:33.0,/api/v1/resource6,479,502
192.168.32.5,2024-08-22 00:49:39.0,/api/v1/resource8,871,500
192.168.32.9,2024-08-12 22:46:59.0,/api/v1/resource6,125,200
192.168.32.7,2024-08-24 13:50:35.0,/api/v1/resource10,205,403
192.168.32.6,2024-08-26 18:32:28.0,/api/v1/resource6,715,200
192.168.32.6,2024-08-05 05:02:29.0,/api/v1/resource2,354,503
192.168.32.10,2024-08-13 02:13:59.0,/api/v1/resource4,267,502
192.168.32.9,2024-08-04 20:26:48.0,/api/v1/resource5,370,403
192.168.32.1,2024-08-15 00:15:08.0,/api/v1/resource5,239,301
192.168.32.8,2024-08-05 02:01:32.0,/api/v1/resource1,432,403
192.168.32.1,2024-08-20 11:56:58.0,/api/v1/resource5,523,302
192.168.32.2,2024-08-10 01:29:36.0,/api/v1/resource5,863,502
192.168.32.7,2024-08-28 23:24:03.0,/api/v1/resource2,604,401
192.168.32.7,2024-08-08 06:54:23.0,/api/v1/resource7,919,502
192.168.32.9,2024-08-17 13:33:02.0,/api/v1/resource1,758,301
192.168.32.5,2024-08-12 21:56:11.0,/api/v1/resource1,788,503
192.168.32.4,2024-08-12 10:59:17.0,/api/v1/resource3,930,404
192.168.32.10,2024-08-26 08:23:49.0,/api/v1/resource8,737,403
192.168.32.1,2024-08-07 02:12:18.0,/api/v1/resource2,123,401
192.168.32.8,2024-08-28 20:33:38.0,/api/v1/resource10,351,301
192.168.32.8,2024-08-02 05:04:23.0,/api/v1/resource4,322,302
192.168.32.5,2024-08-15 10:36:25.0,/api/v1/resource6,575,301
192.168.32.3,2024-08-27 00:40:06.0,/api/v1/resource6,710,403
192.168.32.3,2024-08-25 11:54:38.0,/api/v1/resource6,228,403
192.168.32.6,2024-08-06 14:09:02.0,/api/v1/resource1,371,503
192.168.32.10,2024-08-06 09:18:56.0,/api/v1/resource10,236,404
192.168.32.1,2024-08-29 07:15:37.0,/api/v1/resource8,293,200
192.168.32.6,2024-08-04 10:17:47.0,/api/v1/resource7,670,502
192.168.32.4,2024-08-11 22:45:37.0,/api/v1/resource5,293,404
192.168.32.1,2024-08-01 03:53:53.0,/api/v1/resource7,547,502
192.168.32.4,2024-08-20 19:38:40.0,/api/v1/resource1,782,302
192.168.32.6,2024-08-31 06:01:31.0,/api/v1/resource6,499,401
192.168.32.9,2024-08-02 09:59:14.0,/api/v1/resource1,950,503
192.168.32.3,2024-08-31 18:44:22.0,/api/v1/resource9,208,301
192.168.32.10,2024-08-08 17:34:53.0,/api/v1/resource1,754,401
192.168.32.2,2024-08-12 11:27:16.0,/api/v1/resource5,958,503
192.168.32.10,2024-08-02 11:18:13.0,/api/v1/resource3,859,404
192.168.32.9,2024-08-16 09:43:10.0,/api/v1/resource5,877,200
192.168.32.8,2024-08-24 00:46:47.0,/api/v1/resource2,509,200
192.168.32.5,2024-08-04 05:01:51.0,/api/v1/resource3,721,403
192.168.32.5,2024-08-21 05:42:55.0,/api/v1/resource4,466,301
192.168.32.3,2024-08-13 23:55:54.0,/api/v1/resource8,403,301
192.168.32.1,2024-08-24 04:53:24.0,/api/v1/resource8,878,410
192.168.32.8,2024-08-17 00:19:20.0,/api/v1/resource1,739,302
192.168.32.10,2024-08-09 18:48:43.0,/api/v1/resource7,458,302
192.168.32.3,2024-08-10 00:08:07.0,/api/v1/resource5,466,403
192.168.32.5,2024-08-30 06:20:04.0,/api/v1/resource5,955,200
192.168.32.4,2024-08-02 19:38:25.0,/api/v1/resource5,676,503
192.168.32.8,2024-08-09 06:58:07.0,/api/v1/resource9,486,200
192.168.32.8,2024-08-13 18:03:57.0,/api/v1/resource2,777,502
192.168.32.8,2024-08-19 09:35:02.0,/api/v1/resource1,401,401
192.168.32.9,2024-08-28 09:59:15.0,/api/v1/resource10,425,404
192.168.32.1,2024-08-27 15:14:02.0,/api/v1/resource6,184,500
192.168.32.6,2024-08-29 03:51:40.0,/api/v1/resource1,794,200
192.168.32.9,2024-08-22 11:22:22.0,/api/v1/resource8,609,302
192.168.32.1,2024-08-04 08:32:33.0,/api/v1/resource8,703,500
192.168.32.10,2024-08-23 16:25:12.0,/api/v1/resource1,713,403
192.168.32.3,2024-08-28 21:57:07.0,/api/v1/resource1,632,500
192.168.32.9,2024-08-01 17:24:20.0,/api/v1/resource1,853,200
192.168.32.3,2024-08-07 12:45:19.0,/api/v1/resource4,166,301
192.168.32.3,2024-08-18 07:13:47.0,/api/v1/resource7,182,301
192.168.32.3,2024-08-06 10:08:47.0,/api/v1/resource5,435,401
192.168.32.3,2024-08-05 12:49:36.0,/api/v1/resource4,522,301
192.168.32.7,2024-08-29 06:21:22.0,/api/v1/resource6,839,301
192.168.32.8,2024-08-23 03:52:54.0,/api/v1/resource6,744,410
192.168.32.6,2024-08-16 00:05:15.0,/api/v1/resource5,290,503
192.168.32.3,2024-08-22 22:46:50.0,/api/v1/resource9,333,401
192.168.32.10,2024-08-30 12:38:44.0,/api/v1/resource7,424,404
192.168.32.2,2024-08-14 15:19:03.0,/api/v1/resource3,524,500
192.168.32.10,2024-08-07 17:58:49.0,/api/v1/resource3,528,302
192.168.32.9,2024-08-10 03:41:47.0,/api/v1/resource8,226,302
192.168.32.5,2024-08-08 18:17:24.0,/api/v1/resource1,400,503
192.168.32.6,2024-08-18 13:30:27.0,/api/v1/resource4,858,503
192.168.32.8,2024-08-22 07:02:05.0,/api/v1/resource2,988,503
192.168.32.8,2024-08-24 02:00:00.0,/api/v1/resource2,899,200
192.168.32.2,2024-08-29 09:55:50.0,/api/v1/resource9,518,410
192.168.32.10,2024-08-21 00:42:46.0,/api/v1/resource8,407,301
192.168.32.3,2024-08-05 20:42:35.0,/api/v1/resource1,350,401
192.168.32.3,2024-08-17 03:22:02.0,/api/v1/resource4,750,500
192.168.32.10,2024-08-11 12:43:02.0,/api/v1/resource1,936,401
192.168.32.9,2024-08-04 10:07:04.0,/api/v1/resource1,934,410
192.168.32.8,2024-08-15 06:49:47.0,/api/v1/resource5,441,401
192.168.32.4,2024-08-12 21:50:32.0,/api/v1/resource6,453,401
192.168.32.8,2024-08-12 14:17:02.0,/api/v1/resource6,719,404
192.168.32.1,2024-08-30 11:52:15.0,/api/v1/resource5,830,500
192.168.32.4,2024-08-24 17:16:52.0,/api/v1/resource9,827,410
192.168.32.10,2024-08-06 23:15:34.0,/api/v1/resource7,115,500
192.168.32.7,2024-08-07 14:30:06.0,/api/v1/resource2,941,500
192.168.32.10,2024-08-08 13:08:43.0,/api/v1/resource9,177,301
192.168.32.10,2024-08-07 14:11:37.0,/api/v1/resource7,792,410
192.168.32.2,2024-08-27 02:59:10.0,/api/v1/resource4,682,410
192.168.32.9,2024-08-31 14:51:57.0,/api/v1/resource9,961,500
192.168.32.7,2024-08-16 07:57:04.0,/api/v1/resource6,904,500
192.168.32.6,2024-08-05 16:49:41.0,/api/v1/resource2,246,401
192.168.32.4,2024-08-29 09:09:12.0,/api/v1/resource9,407,404
192.168.32.2,2024-08-08 07:28:11.0,/api/v1/resource6,897,500
192.168.32.4,2024-08-10 02:44:25.0,/api/v1/resource1,346,200
192.168.32.1,2024-08-03 17:38:38.0,/api/v1/resource2,476,410
192.168.32.1,2024-08-19 15:01:23.0,/api/v1/resource10,297,404
192.168.32.5,2024-08-16 22:40:34.0,/api/v1/resource2,717,401
192.168.32.4,2024-08-29 17:31:47.0,/api/v1/resource6,507,401
192.168.32.3,2024-08-25 01:59:22.0,/api/v1/resource7,360,200
192.168.32.8,2024-08-28 00:20:01.0,/api/v1/resource9,184,503
192.168.32.9,2024-08-24 08:20:36.0,/api/v1/resource7,914,502
192.168.32.9,2024-08-10 11:47:41.0,/api/v1/resource9,907,502
192.168.32.3,2024-08-29 05:27:56.0,/api/v1/resource2,711,301
192.168.32.1,2024-08-26 15:24:42.0,/api/v1/resource10,434,200
192.168.32.4,2024-08-05 16:12:35.0,/api/v1/resource5,685,500
192.168.32.4,2024-08-24 07:45:51.0,/api/v1/resource9,620,503
192.168.32.9,2024-08-23 14:57:09.0,/api/v1/resource9,679,302
192.168.32.1,2024-08-22 19:21:11.0,/api/v1/resource1,314,503
192.168.32.8,2024-08-31 17:43:29.0,/api/v1/resource4,295,502
192.168.32.9,2024-08-25 14:50:04.0,/api/v1/resource1,244,403
192.168.32.10,2024-08-16 13:20:34.0,/api/v1/resource7,305,404
192.168.32.7,2024-08-01 06:16:21.0,/api/v1/resource8,550,503
192.168.32.4,2024-08-04 00:30:15.0,/api/v1/resource5,742,410
192.168.32.2,2024-08-05 19:58:53.0,/api/v1/resource6,503,401
192.168.32.8,2024-08-09 20:09:36.0,/api/v1/resource3,266,410
192.168.32.3,2024-08-29 04:37:15.0,/api/v1/resource10,642,403
192.168.32.2,2024-08-26 10:29:59.0,/api/v1/resource9,326,410
192.168.32.4,2024-08-26 05:38:02.0,/api/v1/resource6,891,502
192.168.32.1,2024-08-30 11:20:07.0,/api/v1/resource1,394,410
192.168.32.7,2024-08-04 03:39:25.0,/api/v1/resource8,238,503
192.168.32.9,2024-08-12 14:28:59.0,/api/v1/resource8,880,404
192.168.32.5,2024-08-14 16:19:15.0,/api/v1/resource8,695,200
192.168.32.4,2024-08-06 13:46:33.0,/api/v1/resource8,668,500
192.168.32.10,2024-08-20 21:34:26.0,/api/v1/resource5,586,503
192.168.32.1,2024-08-12 21:03:26.0,/api/v1/resource6,979,404
192.168.32.6,2024-08-18 06:33:41.0,/api/v1/resource6,579,500
192.168.32.3,2024-08-09 15:33:07.0,/api/v1/resource6,104,503
192.168.32.10,2024-08-24 01:36:59.0,/api/v1/resource7,913,410
192.168.32.6,2024-08-28 09:40:04.0,/api/v1/resource2,178,302
192.168.32.8,2024-08-02 03:35:48.0,/api/v1/resource6,406,301
192.168.32.10,2024-08-09 14:43:03.0,/api/v1/resource4,812,401
192.168.32.1,2024-08-18 21:34:33.0,/api/v1/resource3,793,302
192.168.32.6,2024-08-14 17:45:40.0,/api/v1/resource2,637,404
192.168.32.4,2024-08-24 15:13:29.0,/api/v1/resource1,407,500
192.168.32.10,2024-08-08 06:22:28.0,/api/v1/resource4,998,302
192.168.32.5,2024-08-01 17:11:48.0,/api/v1/resource4,818,410
192.168.32.2,2024-08-23 08:56:03.0,/api/v1/resource8,591,500
192.168.32.3,2024-08-11 12:53:29.0,/api/v1/resource8,224,200
192.168.32.4,2024-08-04 07:35:07.0,/api/v1/resource4,902,502
192.168.32.9,2024-08-22 23:00:14.0,/api/v1/resource3,982,503
192.168.32.7,2024-08-05 02:44:16.0,/api/v1/resource9,601,301
192.168.32.8,2024-08-13 13:56:38.0,/api/v1/resource4,100,401
192.168.32.8,2024-08-04 12:23:29.0,/api/v1/resource6,673,500
192.168.32.10,2024-08-23 00:39:31.0,/api/v1/resource2,856,404
192.168.32.5,2024-08-08 22:49:33.0,/api/v1/resource9,795,502
192.168.32.2,2024-08-16 12:35:06.0,/api/v1/resource8,145,302
192.168.32.5,2024-08-07 13:59:51.0,/api/v1/resource2,923,404
192.168.32.6,2024-08-20 09:13:17.0,/api/v1/resource5,684,302
192.168.32.6,2024-08-04 17:28:00.0,/api/v1/resource8,246,500
192.168.32.4,2024-08-11 22:40:03.0,/api/v1/resource3,447,200
192.168.32.2,2024-08-08 01:36:33.0,/api/v1/resource10,145,502
192.168.32.8,2024-08-09 03:07:35.0,/api/v1/resource3,408,502
192.168.32.3,2024-08-06 07:59:56.0,/api/v1/resource4,235,301
192.168.32.2,2024-08-21 07:11:06.0,/api/v1/resource7,737,404
192.168.32.1,2024-08-29 14:38:49.0,/api/v1/resource9,906,403
192.168.32.9,2024-08-20 21:06:02.0,/api/v1/resource7,261,302
192.168.32.2,2024-08-17 02:15:33.0,/api/v1/resource8,839,404
192.168.32.10,2024-08-28 10:07:37.0,/api/v1/resource3,989,200
192.168.32.10,2024-08-15 18:43:26.0,/api/v1/resource7,539,500
192.168.32.9,2024-08-08 15:11:39.0,/api/v1/resource6,892,500
192.168.32.5,2024-08-29 07:48:53.0,/api/v1/resource5,834,200
192.168.32.8,2024-08-31 02:49:36.0,/api/v1/resource7,754,401
192.168.32.3,2024-08-21 00:51:07.0,/api/v1/resource2,671,503
192.168.32.8,2024-08-08 10:40:31.0,/api/v1/resource5,550,502
192.168.32.4,2024-08-12 16:54:09.0,/api/v1/resource4,442,404
192.168.32.9,2024-08-05 17:18:18.0,/api/v1/resource7,428,200
192.168.32.1,2024-08-17 23:45:07.0,/api/v1/resource2,454,410
192.168.32.4,2024-08-27 22:36:30.0,/api/v1/resource3,401,401
192.168.32.1,2024-08-06 02:18:23.0,/api/v1/resource10,454,302
192.168.32.10,2024-08-26 05:25:23.0,/api/v1/resource5,730,404
192.168.32.3,2024-08-17 07:17:29.0,/api/v1/resource5,867,500
192.168.32.4,2024-08-26 21:47:41.0,/api/v1/resource3,211,502
192.168.32.6,2024-08-06 17:02:09.0,/api/v1/resource2,612,200
192.168.32.7,2024-08-12 07:41:44.0,/api/v1/resource2,769,410
192.168.32.10,2024-08-19 22:05:22.0,/api/v1/resource8,402,301
192.168.32.4,2024-08-05 14:25:26.0,/api/v1/resource2,618,410
192.168.32.7,2024-08-06 05:07:50.0,/api/v1/resource3,264,302
192.168.32.9,2024-08-23 12:32:16.0,/api/v1/resource1,125,301
192.168.32.10,2024-08-08 15:30:23.0,/api/v1/resource2,133,302
192.168.32.8,2024-08-06 06:56:23.0,/api/v1/resource4,745,403
192.168.32.10,2024-08-30 10:38:09.0,/api/v1/resource2,961,301
192.168.32.6,2024-08-28 21:01:55.0,/api/v1/resource4,634,302
192.168.32.1,2024-08-02 21:08:27.0,/api/v1/resource5,332,302
192.168.32.3,2024-08-24 09:10:38.0,/api/v1/resource6,988,502
192.168.32.3,2024-08-22 23:48:00.0,/api/v1/resource3,774,410
192.168.32.6,2024-08-16 03:14:17.0,/api/v1/resource1,904,302
192.168.32.6,2024-08-29 03:18:41.0,/api/v1/resource1,459,200
192.168.32.2,2024-08-08 15:54:11.0,/api/v1/resource10,180,401
192.168.32.4,2024-08-24 11:03:33.0,/api/v1/resource2,326,302
192.168.32.10,2024-08-13 03:29:16.0,/api/v1/resource1,266,410
192.168.32.3,2024-08-26 14:35:08.0,/api/v1/resource5,626,302
192.168.32.6,2024-08-01 21:17:54.0,/api/v1/resource7,659,502
192.168.32.8,2024-08-25 11:42:12.0,/api/v1/resource5,246,302
192.168.32.8,2024-08-30 00:46:30.0,/api/v1/resource9,967,404
192.168.32.9,2024-08-04 03:02:22.0,/api/v1/resource3,335,410
192.168.32.9,2024-08-08 05:43:15.0,/api/v1/resource9,655,404
192.168.32.9,2024-08-10 01:03:41.0,/api/v1/resource7,226,401
192.168.32.6,2024-08-18 08:15:21.0,/api/v1/resource5,182,410
192.168.32.5,2024-08-03 15:26:31.0,/api/v1/resource4,686,502
192.168.32.8,2024-08-23 17:26:30.0,/api/v1/resource6,997,502
192.168.32.4,2024-08-02 05:07:01.0,/api/v1/resource3,721,410
192.168.32.4,2024-08-21 21:19:31.0,/api/v1/resource8,674,410
192.168.32.8,2024-08-22 22:03:41.0,/api/v1/resource5,590,301
192.168.32.8,2024-08-04 00:53:40.0,/api/v1/resource10,883,302
192.168.32.5,2024-08-17 08:12:45.0,/api/v1/resource5,712,403
192.168.32.4,2024-08-20 08:36:15.0,/api/v1/resource9,700,404
192.168.32.10,2024-08-19 12:51:16.0,/api/v1/resource3,504,401
192.168.32.9,2024-08-18 03:45:31.0,/api/v1/resource3,785,502
192.168.32.10,2024-08-23 19:18:56.0,/api/v1/resource5,836,301
192.168.32.7,2024-08-13 15:02:44.0,/api/v1/resource9,216,503
192.168.32.6,2024-08-23 14:45:16.0,/api/v1/resource9,627,502
192.168.32.6,2024-08-06 00:02:31.0,/api/v1/resource6,217,301
192.168.32.9,2024-08-17 10:34:33.0,/api/v1/resource4,264,403
192.168.32.3,2024-08-23 04:22:19.0,/api/v1/resource7,280,200
192.168.32.10,2024-08-26 22:03:30.0,/api/v1/resource7,194,502
192.168.32.4,2024-08-18 17:49:25.0,/api/v1/resource6,525,302
192.168.32.10,2024-08-20 04:22:01.0,/api/v1/resource10,457,200
192.168.32.4,2024-08-28 06:16:30.0,/api/v1/resource1,682,401
192.168.32.3,2024-08-08 05:15:12.0,/api/v1/resource8,413,404
192.168.32.10,2024-08-16 19:48:16.0,/api/v1/resource1,578,503
192.168.32.1,2024-08-19 23:26:01.0,/api/v1/resource8,902,500
192.168.32.9,2024-08-02 18:51:56.0,/api/v1/resource3,784,301
192.168.32.8,2024-08-24 06:35:44.0,/api/v1/resource8,295,302
192.168.32.9,2024-08-02 05:09:56.0,/api/v1/resource5,153,301
192.168.32.1,2024-08-04 22:00:32.0,/api/v1/resource6,913,502
192.168.32.1,2024-08-28 00:45:10.0,/api/v1/resource8,108,503
192.168.32.8,2024-08-21 14:17:57.0,/api/v1/resource2,798,401
192.168.32.5,2024-08-03 12:36:59.0,/api/v1/resource7,408,301
192.168.32.6,2024-08-07 09:00:24.0,/api/v1/resource1,834,404
192.168.32.9,2024-08-18 13:35:04.0,/api/v1/resource9,998,200
192.168.32.2,2024-08-06 16:24:04.0,/api/v1/resource2,128,500
192.168.32.8,2024-08-27 15:09:08.0,/api/v1/resource6,994,500
192.168.32.5,2024-08-13 11:44:03.0,/api/v1/resource10,923,403
192.168.32.2,2024-08-08 09:38:07.0,/api/v1/resource7,793,302
192.168.32.7,2024-08-30 11:22:19.0,/api/v1/resource7,980,502
192.168.32.4,2024-08-21 19:17:07.0,/api/v1/resource6,200,401
192.168.32.9,2024-08-10 15:52:12.0,/api/v1/resource4,155,301
192.168.32.7,2024-08-19 10:44:02.0,/api/v1/resource9,419,200
192.168.32.8,2024-08-24 19:05:21.0,/api/v1/resource1,263,403
192.168.32.4,2024-08-13 12:39:34.0,/api/v1/resource3,639,403
192.168.32.8,2024-08-11 14:35:25.0,/api/v1/resource3,278,500
192.168.32.6,2024-08-03 23:52:12.0,/api/v1/resource3,369,200
192.168.32.4,2024-08-09 00:24:10.0,/api/v1/resource8,119,502
192.168.32.9,2024-08-30 13:25:49.0,/api/v1/resource3,451,403
192.168.32.8,2024-08-22 09:58:19.0,/api/v1/resource5,554,503
192.168.32.3,2024-08-22 18:42:17.0,/api/v1/resource1,730,410
192.168.32.3,2024-08-19 07:33:27.0,/api/v1/resource3,505,500
192.168.32.5,2024-08-05 22:47:07.0,/api/v1/resource4,939,404
192.168.32.6,2024-08-24 15:23:38.0,/api/v1/resource10,373,200
192.168.32.1,2024-08-15 05:32:06.0,/api/v1/resource7,587,410
192.168.32.8,2024-08-05 17:11:27.0,/api/v1/resource6,526,502
192.168.32.9,2024-08-14 16:15:04.0,/api/v1/resource5,825,500
192.168.32.10,2024-08-14 09:44:52.0,/api/v1/resource3,387,401
192.168.32.10,2024-08-20 01:31:22.0,/api/v1/resource10,451,401
192.168.32.3,2024-08-27 14:37:22.0,/api/v1/resource3,681,401
192.168.32.1,2024-08-20 00:15:31.0,/api/v1/resource6,660,200
192.168.32.2,2024-08-18 01:42:08.0,/api/v1/resource4,101,500
192.168.32.2,2024-08-16 19:39:53.0,/api/v1/resource2,807,500
192.168.32.3,2024-08-20 23:32:58.0,/api/v1/resource5,162,401
192.168.32.8,2024-08-01 14:23:01.0,/api/v1/resource6,459,403
192.168.32.10,2024-08-08 23:25:38.0,/api/v1/resource8,770,410
192.168.32.10,2024-08-09 18:39:15.0,/api/v1/resource7,117,301
192.168.32.4,2024-08-12 21:37:02.0,/api/v1/resource9,799,403
192.168.32.3,2024-08-05 07:49:17.0,/api/v1/resource7,548,403
192.168.32.1,2024-08-03 17:38:25.0,/api/v1/resource6,474,500
192.168.32.10,2024-08-29 12:06:54.0,/api/v1/resource7,740,403
192.168.32.5,2024-08-18 18:22:21.0,/api/v1/resource9,229,500
192.168.32.3,2024-08-20 14:36:03.0,/api/v1/resource10,186,500
192.168.32.9,2024-08-03 10:47:25.0,/api/v1/resource9,636,500
192.168.32.10,2024-08-24 09:28:57.0,/api/v1/resource10,366,503
192.168.32.4,2024-08-01 18:52:26.0,/api/v1/resource5,106,401
192.168.32.6,2024-08-23 20:33:32.0,/api/v1/resource8,320,301
192.168.32.2,2024-08-15 17:54:39.0,/api/v1/resource9,224,503
192.168.32.8,2024-08-04 17:32:16.0,/api/v1/resource7,266,403
192.168.32.2,2024-08-10 11:31:20.0,/api/v1/resource1,428,404
192.168.32.9,2024-08-25 12:39:15.0,/api/v1/resource7,156,404
192.168.32.7,2024-08-15 13:06:21.0,/api/v1/resource6,945,410
192.168.32.4,2024-08-17 14:36:08.0,/api/v1/resource4,991,403
192.168.32.7,2024-08-29 05:02:10.0,/api/v1/resource4,155,301
192.168.32.9,2024-08-15 17:16:21.0,/api/v1/resource4,288,410
192.168.32.1,2024-08-17 21:27:40.0,/api/v1/resource1,550,502
192.168.32.3,2024-08-03 12:55:28.0,/api/v1/resource6,236,502
192.168.32.7,2024-08-13 09:24:08.0,/api/v1/resource9,139,302
192.168.32.2,2024-08-25 18:21:40.0,/api/v1/resource8,461,200
192.168.32.1,2024-08-23 04:16:11.0,/api/v1/resource8,700,401
192.168.32.9,2024-08-11 02:05:41.0,/api/v1/resource1,410,500
192.168.32.8,2024-08-22 21:43:34.0,/api/v1/resource10,775,502
192.168.32.1,2024-08-31 01:24:40.0,/api/v1/resource8,289,401
192.168.32.5,2024-08-13 05:45:23.0,/api/v1/resource5,586,200
192.168.32.1,2024-08-12 20:29:05.0,/api/v1/resource3,491,404
192.168.32.5,2024-08-05 19:45:08.0,/api/v1/resource3,143,500
192.168.32.2,2024-08-21 09:07:28.0,/api/v1/resource4,114,404
192.168.32.7,2024-08-02 07:24:54.0,/api/v1/resource2,370,500
192.168.32.6,2024-08-03 16:42:25.0,/api/v1/resource9,899,404
192.168.32.3,2024-08-01 00:27:24.0,/api/v1/resource9,571,302
192.168.32.3,2024-08-14 16:49:07.0,/api/v1/resource2,496,403
192.168.32.4,2024-08-15 13:17:36.0,/api/v1/resource8,353,401
192.168.32.2,2024-08-02 09:51:57.0,/api/v1/resource10,465,302
192.168.32.10,2024-08-13 03:01:36.0,/api/v1/resource7,689,403
192.168.32.1,2024-08-27 00:04:35.0,/api/v1/resource9,246,200
192.168.32.6,2024-08-14 08:59:22.0,/api/v1/resource10,511,302
192.168.32.1,2024-08-13 14:09:48.0,/api/v1/resource5,186,403
192.168.32.7,2024-08-03 03:56:12.0,/api/v1/resource5,987,404
192.168.32.1,2024-08-08 00:14:56.0,/api/v1/resource9,125,500
192.168.32.5,2024-08-01 11:48:58.0,/api/v1/resource7,608,503
192.168.32.9,2024-08-19 23:54:24.0,/api/v1/resource9,666,410
192.168.32.2,2024-08-09 08:51:37.0,/api/v1/resource6,752,401
192.168.32.4,2024-08-12 19:56:05.0,/api/v1/resource6,985,500
192.168.32.5,2024-08-28 16:58:12.0,/api/v1/resource9,257,302
192.168.32.7,2024-08-31 18:02:33.0,/api/v1/resource2,904,301
192.168.32.1,2024-08-24 18:25:54.0,/api/v1/resource7,342,404
192.168.32.9,2024-08-05 22:26:03.0,/api/v1/resource3,958,301
192.168.32.2,2024-08-27 17:21:27.0,/api/v1/resource10,907,500
192.168.32.6,2024-08-18 06:27:52.0,/api/v1/resource7,214,301
192.168.32.3,2024-08-31 12:44:46.0,/api/v1/resource10,570,401
192.168.32.6,2024-08-31 23:23:21.0,/api/v1/resource4,740,500
192.168.32.9,2024-08-27 09:45:56.0,/api/v1/resource8,857,404
192.168.32.10,2024-08-29 01:45:45.0,/api/v1/resource8,876,302
192.168.32.10,2024-08-13 12:23:55.0,/api/v1/resource4,904,502
192.168.32.3,2024-08-14 11:09:11.0,/api/v1/resource4,338,301
192.168.32.7,2024-08-17 19:03:15.0,/api/v1/resource10,293,403
192.168.32.10,2024-08-18 12:38:41.0,/api/v1/resource6,456,503
192.168.32.9,2024-08-07 03:02:35.0,/api/v1/resource2,171,301
192.168.32.3,2024-08-25 01:40:44.0,/api/v1/resource2,300,301
192.168.32.2,2024-08-12 15:25:14.0,/api/v1/resource8,859,502
192.168.32.1,2024-08-08 14:56:18.0,/api/v1/resource9,461,301
192.168.32.8,2024-08-12 01:12:34.0,/api/v1/resource3,554,200
192.168.32.4,2024-08-28 22:20:12.0,/api/v1/resource4,417,502
192.168.32.3,2024-08-17 12:43:52.0,/api/v1/resource10,850,410
192.168.32.7,2024-08-12 19:42:24.0,/api/v1/resource3,436,301
192.168.32.8,2024-08-10 23:48:19.0,/api/v1/resource5,243,302
192.168.32.7,2024-08-11 06:37:06.0,/api/v1/resource7,827,500
192.168.32.9,2024-08-23 14:38:15.0,/api/v1/resource10,608,302
192.168.32.3,2024-08-03 03:19:05.0,/api/v1/resource7,818,503
192.168.32.1,2024-08-21 00:21:12.0,/api/v1/resource1,665,401
192.168.32.8,2024-08-22 10:13:56.0,/api/v1/resource1,543,503
192.168.32.2,2024-08-03 14:02:19.0,/api/v1/resource4,736,404
192.168.32.8,2024-08-28 22:44:54.0,/api/v1/resource5,454,404
192.168.32.6,2024-08-20 09:27:37.0,/api/v1/resource5,971,401
192.168.32.6,2024-08-13 05:49:58.0,/api/v1/resource1,983,503
192.168.32.5,2024-08-24 03:41:16.0,/api/v1/resource2,983,301
192.168.32.5,2024-08-10 06:57:21.0,/api/v1/resource6,456,401
192.168.32.2,2024-08-04 09:01:32.0,/api/v1/resource6,110,302
192.168.32.7,2024-08-14 15:39:34.0,/api/v1/resource2,732,503
192.168.32.3,2024-08-16 11:26:06.0,/api/v1/resource6,296,200
192.168.32.9,2024-08-31 00:54:52.0,/api/v1/resource4,657,503
192.168.32.10,2024-08-23 19:14:19.0,/api/v1/resource7,457,301
192.168.32.9,2024-08-08 09:01:16.0,/api/v1/resource10,247,404
192.168.32.9,2024-08-01 08:43:32.0,/api/v1/resource7,864,502
192.168.32.5,2024-08-19 21:38:09.0,/api/v1/resource4,770,500
192.168.32.1,2024-08-20 17:43:33.0,/api/v1/resource5,123,302
192.168.32.2,2024-08-30 00:14:25.0,/api/v1/resource1,698,500
192.168.32.1,2024-08-03 00:37:58.0,/api/v1/resource3,690,401
192.168.32.8,2024-08-21 02:10:28.0,/api/v1/resource3,274,200
192.168.32.9,2024-08-15 00:19:19.0,/api/v1/resource10,486,410
192.168.32.3,2024-08-31 10:10:23.0,/api/v1/resource8,333,301
192.168.32.7,2024-08-22 22:01:02.0,/api/v1/resource7,818,403
192.168.32.3,2024-08-02 11:10:52.0,/api/v1/resource7,307,500
192.168.32.8,2024-08-28 16:04:27.0,/api/v1/resource8,971,301
192.168.32.3,2024-08-30 11:06:50.0,/api/v1/resource1,149,404
192.168.32.4,2024-08-15 20:52:19.0,/api/v1/resource5,436,410
192.168.32.7,2024-08-29 01:41:49.0,/api/v1/resource5,402,500
192.168.32.7,2024-08-04 20:39:03.0,/api/v1/resource7,528,401
192.168.32.7,2024-08-17 06:02:59.0,/api/v1/resource5,683,404
192.168.32.1,2024-08-15 01:56:07.0,/api/v1/resource8,230,404
192.168.32.7,2024-08-19 12:48:56.0,/api/v1/resource1,197,404
192.168.32.4,2024-08-23 02:19:17.0,/api/v1/resource3,431,500
192.168.32.9,2024-08-19 18:18:15.0,/api/v1/resource6,355,200
192.168.32.8,2024-08-01 07:03:27.0,/api/v1/resource6,923,503
192.168.32.4,2024-08-02 15:36:53.0,/api/v1/resource4,824,503
192.168.32.3,2024-08-04 23:57:27.0,/api/v1/resource2,684,200
192.168.32.9,2024-08-08 13:42:33.0,/api/v1/resource5,701,302
192.168.32.10,2024-08-17 01:37:35.0,/api/v1/resource9,217,410
192.168.32.10,2024-08-31 13:28:00.0,/api/v1/resource2,819,503
192.168.32.1,2024-08-09 09:33:11.0,/api/v1/resource2,648,404
192.168.32.4,2024-08-12 17:04:05.0,/api/v1/resource2,836,500
192.168.32.4,2024-08-26 15:10:13.0,/api/v1/resource10,438,410
192.168.32.6,2024-08-16 13:23:05.0,/api/v1/resource6,815,503
192.168.32.1,2024-08-01 01:37:47.0,/api/v1/resource9,805,401
192.168.32.2,2024-08-14 09:12:01.0,/api/v1/resource9,462,302
192.168.32.8,2024-08-13 12:29:43.0,/api/v1/resource8,625,302
192.168.32.3,2024-08-07 18:50:01.0,/api/v1/resource6,285,502
192.168.32.5,2024-08-23 07:00:54.0,/api/v1/resource10,779,403
192.168.32.3,2024-08-20 10:15:35.0,/api/v1/resource4,579,401
192.168.32.10,2024-08-29 20:29:51.0,/api/v1/resource8,875,302
192.168.32.2,2024-08-17 21:09:07.0,/api/v1/resource5,819,410
192.168.32.6,2024-08-27 10:46:52.0,/api/v1/resource7,109,404
192.168.32.10,2024-08-28 23:07:32.0,/api/v1/resource4,594,401
192.168.32.9,2024-08-21 01:20:48.0,/api/v1/resource4,806,301
192.168.32.7,2024-08-24 02:22:12.0,/api/v1/resource5,863,500
192.168.32.6,2024-08-27 13:15:28.0,/api/v1/resource9,882,503
192.168.32.10,2024-08-13 20:24:28.0,/api/v1/resource8,354,302
192.168.32.4,2024-08-06 22:16:08.0,/api/v1/resource3,686,401
192.168.32.1,2024-08-04 08:25:45.0,/api/v1/resource7,996,301
192.168.32.1,2024-08-05 11:12:10.0,/api/v1/resource8,281,301
192.168.32.1,2024-08-25 01:28:12.0,/api/v1/resource3,441,502
192.168.32.10,2024-08-29 18:01:31.0,/api/v1/resource9,370,502
192.168.32.2,2024-08-21 18:15:49.0,/api/v1/resource6,323,301
192.168.32.7,2024-08-15 20:25:47.0,/api/v1/resource9,204,503
192.168.32.8,2024-08-24 19:36:05.0,/api/v1/resource2,858,302
192.168.32.10,2024-08-02 08:48:54.0,/api/v1/resource9,254,404
192.168.32.3,2024-08-29 13:09:22.0,/api/v1/resource10,292,301
192.168.32.7,2024-08-13 22:52:04.0,/api/v1/resource4,184,403
192.168.32.5,2024-08-20 20:07:02.0,/api/v1/resource5,390,403
192.168.32.4,2024-08-11 04:13:40.0,/api/v1/resource1,323,301
192.168.32.6,2024-08-16 23:16:01.0,/api/v1/resource3,715,502
192.168.32.4,2024-08-12 22:54:12.0,/api/v1/resource8,431,403
192.168.32.6,2024-08-06 00:41:07.0,/api/v1/resource7,455,401
192.168.32.1,2024-08-14 10:55:54.0,/api/v1/resource7,269,200
192.168.32.6,2024-08-24 23:52:29.0,/api/v1/resource8,888,403
192.168.32.8,2024-08-13 02:08:46.0,/api/v1/resource10,783,502
192.168.32.6,2024-08-09 06:01:34.0,/api/v1/resource1,997,502
192.168.32.5,2024-08-14 21:10:50.0,/api/v1/resource3,129,503
192.168.32.8,2024-08-05 12:46:19.0,/api/v1/resource2,974,410
192.168.32.10,2024-08-29 20:52:12.0,/api/v1/resource4,232,502
192.168.32.2,2024-08-02 18:27:43.0,/api/v1/resource4,836,410
192.168.32.2,2024-08-23 00:59:29.0,/api/v1/resource6,130,410
192.168.32.2,2024-08-11 22:27:39.0,/api/v1/resource4,496,500
192.168.32.1,2024-08-29 22:41:35.0,/api/v1/resource5,141,200
192.168.32.4,2024-08-14 12:53:10.0,/api/v1/resource4,891,503
192.168.32.4,2024-08-18 12:46:48.0,/api/v1/resource4,119,410
192.168.32.7,2024-08-10 06:18:28.0,/api/v1/resource8,829,200
192.168.32.4,2024-08-30 19:02:03.0,/api/v1/resource3,366,500
192.168.32.7,2024-08-11 19:12:10.0,/api/v1/resource5,968,401
192.168.32.1,2024-08-19 05:31:36.0,/api/v1/resource5,608,404
192.168.32.10,2024-08-08 18:59:30.0,/api/v1/resource3,516,200
192.168.32.2,2024-08-11 22:56:17.0,/api/v1/resource4,160,403
192.168.32.10,2024-08-19 04:55:02.0,/api/v1/resource3,953,502
192.168.32.1,2024-08-29 22:06:17.0,/api/v1/resource6,912,410
192.168.32.3,2024-08-27 07:15:27.0,/api/v1/resource9,723,410
192.168.32.6,2024-08-20 17:26:25.0,/api/v1/resource8,706,301
192.168.32.7,2024-08-08 04:15:09.0,/api/v1/resource6,786,401
192.168.32.6,2024-08-17 20:01:58.0,/api/v1/resource8,752,301
192.168.32.1,2024-08-18 00:55:25.0,/api/v1/resource4,171,401
192.168.32.5,2024-08-23 10:22:53.0,/api/v1/resource9,107,403
192.168.32.8,2024-08-17 00:22:30.0,/api/v1/resource6,782,401
192.168.32.6,2024-08-21 03:00:38.0,/api/v1/resource2,739,302
192.168.32.10,2024-08-27 09:12:41.0,/api/v1/resource9,441,302
192.168.32.3,2024-08-27 05:36:06.0,/api/v1/resource4,833,302
192.168.32.6,2024-08-04 02:35:32.0,/api/v1/resource4,314,500
192.168.32.10,2024-08-07 18:17:52.0,/api/v1/resource10,612,410
192.168.32.2,2024-08-02 10:00:59.0,/api/v1/resource9,129,302
192.168.32.1,2024-08-17 15:00:29.0,/api/v1/resource6,343,500
192.168.32.10,2024-08-01 12:35:54.0,/api/v1/resource3,385,301
192.168.32.8,2024-08-15 18:11:48.0,/api/v1/resource6,177,500
192.168.32.3,2024-08-17 06:12:22.0,/api/v1/resource4,168,404
192.168.32.6,2024-08-30 07:45:35.0,/api/v1/resource4,761,403
192.168.32.6,2024-08-25 10:59:50.0,/api/v1/resource9,938,503
192.168.32.5,2024-08-06 11:31:08.0,/api/v1/resource3,967,410
192.168.32.8,2024-08-22 15:23:25.0,/api/v1/resource8,470,403
192.168.32.2,2024-08-09 21:20:20.0,/api/v1/resource10,577,410
192.168.32.9,2024-08-31 03:35:34.0,/api/v1/resource2,195,302
192.168.32.6,2024-08-11 12:08:17.0,/api/v1/resource6,320,410
192.168.32.4,2024-08-29 03:46:31.0,/api/v1/resource6,996,410
192.168.32.4,2024-08-31 23:33:22.0,/api/v1/resource6,204,301
192.168.32.1,2024-08-16 07:18:10.0,/api/v1/resource3,373,502
192.168.32.6,2024-08-11 23:16:11.0,/api/v1/resource2,489,502
192.168.32.5,2024-08-05 11:36:50.0,/api/v1/resource2,624,503
192.168.32.4,2024-08-03 20:37:35.0,/api/v1/resource7,676,401
192.168.32.5,2024-08-15 09:51:13.0,/api/v1/resource7,833,502
192.168.32.6,2024-08-24 18:54:43.0,/api/v1/resource5,241,502
192.168.32.7,2024-08-18 01:02:03.0,/api/v1/resource10,828,403
192.168.32.4,2024-08-24 07:48:04.0,/api/v1/resource10,488,503
192.168.32.1,2024-08-17 23:54:54.0,/api/v1/resource6,394,301
192.168.32.1,2024-08-19 04:33:19.0,/api/v1/resource2,805,500
192.168.32.6,2024-08-20 11:18:15.0,/api/v1/resource9,319,503
192.168.32.3,2024-08-14 18:02:56.0,/api/v1/resource2,532,500
192.168.32.1,2024-08-12 00:00:16.0,/api/v1/resource5,941,500
192.168.32.10,2024-08-30 17:56:10.0,/api/v1/resource4,966,410
192.168.32.1,2024-08-18 20:18:00.0,/api/v1/resource1,526,302
192.168.32.9,2024-08-19 16:01:26.0,/api/v1/resource6,560,401
192.168.32.4,2024-08-21 01:31:49.0,/api/v1/resource1,820,502
192.168.32.2,2024-08-30 09:33:47.0,/api/v1/resource1,714,502
192.168.32.9,2024-08-11 13:03:39.0,/api/v1/resource1,391,410
192.168.32.3,2024-08-31 06:46:42.0,/api/v1/resource9,460,404
192.168.32.4,2024-08-15 12:22:53.0,/api/v1/resource5,225,403
192.168.32.6,2024-08-28 05:00:08.0,/api/v1/resource8,968,403
192.168.32.5,2024-08-24 04:57:10.0,/api/v1/resource1,602,502
192.168.32.5,2024-08-17 15:59:28.0,/api/v1/resource9,609,502
192.168.32.2,2024-08-12 13:09:06.0,/api/v1/resource9,679,410
192.168.32.9,2024-08-27 05:28:32.0,/api/v1/resource8,415,200
192.168.32.8,2024-08-10 11:57:43.0,/api/v1/resource6,546,403
192.168.32.2,2024-08-02 00:54:26.0,/api/v1/resource6,713,403
192.168.32.6,2024-08-05 04:02:35.0,/api/v1/resource10,222,403
192.168.32.9,2024-08-06 10:33:18.0,/api/v1/resource9,910,401
192.168.32.2,2024-08-04 08:06:59.0,/api/v1/resource3,917,302
192.168.32.10,2024-08-11 09:59:57.0,/api/v1/resource5,865,403
192.168.32.9,2024-08-28 01:08:00.0,/api/v1/resource5,695,404
192.168.32.6,2024-08-12 02:02:31.0,/api/v1/resource6,368,200
192.168.32.4,2024-08-23 23:12:00.0,/api/v1/resource2,902,301
192.168.32.9,2024-08-29 18:35:29.0,/api/v1/resource7,113,502
192.168.32.8,2024-08-02 17:59:44.0,/api/v1/resource1,459,410
192.168.32.1,2024-08-27 05:45:57.0,/api/v1/resource10,922,410
192.168.32.4,2024-08-28 17:12:20.0,/api/v1/resource7,909,301
192.168.32.8,2024-08-10 21:19:46.0,/api/v1/resource3,983,302
192.168.32.10,2024-08-29 06:22:03.0,/api/v1/resource3,402,401
192.168.32.9,2024-08-25 05:14:35.0,/api/v1/resource8,715,302
192.168.32.6,2024-08-26 21:58:38.0,/api/v1/resource6,510,404
192.168.32.10,2024-08-29 09:49:36.0,/api/v1/resource10,612,503
192.168.32.6,2024-08-30 10:55:00.0,/api/v1/resource5,349,404
192.168.32.7,2024-08-29 16:23:56.0,/api/v1/resource8,647,502
192.168.32.9,2024-08-06 13:50:43.0,/api/v1/resource1,701,302
192.168.32.9,2024-08-07 04:19:59.0,/api/v1/resource4,901,403
192.168.32.2,2024-08-19 22:58:57.0,/api/v1/resource10,716,301
192.168.32.4,2024-08-05 16:02:19.0,/api/v1/resource3,259,404
192.168.32.4,2024-08-06 05:19:26.0,/api/v1/resource10,829,503
192.168.32.7,2024-08-06 21:17:53.0,/api/v1/resource9,242,401
192.168.32.8,2024-08-17 00:01:03.0,/api/v1/resource9,196,502
192.168.32.9,2024-08-13 21:08:18.0,/api/v1/resource6,689,403
192.168.32.2,2024-08-21 15:44:15.0,/api/v1/resource8,245,404
192.168.32.5,2024-08-26 14:15:19.0,/api/v1/resource7,445,403
192.168.32.10,2024-08-29 11:23:08.0,/api/v1/resource5,956,503
192.168.32.2,2024-08-21 20:19:25.0,/api/v1/resource9,103,401
192.168.32.2,2024-08-11 00:37:42.0,/api/v1/resource6,913,401
192.168.32.3,2024-08-10 17:12:11.0,/api/v1/resource1,198,503
192.168.32.10,2024-08-03 08:04:24.0,/api/v1/resource5,182,403
192.168.32.2,2024-08-19 13:21:54.0,/api/v1/resource5,412,200
192.168.32.1,2024-08-17 21:05:30.0,/api/v1/resource10,819,301
192.168.32.10,2024-08-31 17:58:53.0,/api/v1/resource4,978,410
192.168.32.7,2024-08-28 04:04:39.0,/api/v1/resource4,768,301
192.168.32.2,2024-08-25 07:55:45.0,/api/v1/resource4,768,301
192.168.32.3,2024-08-10 04:58:08.0,/api/v1/resource1,751,301
192.168.32.2,2024-08-21 18:40:18.0,/api/v1/resource4,680,503
192.168.32.10,2024-08-21 19:51:53.0,/api/v1/resource3,256,200
192.168.32.7,2024-08-26 19:51:57.0,/api/v1/resource8,494,502
192.168.32.8,2024-08-25 09:46:14.0,/api/v1/resource8,585,410
192.168.32.3,2024-08-28 18:15:58.0,/api/v1/resource2,204,404
192.168.32.8,2024-08-15 02:41:31.0,/api/v1/resource6,418,410
192.168.32.10,2024-08-07 15:55:01.0,/api/v1/resource5,517,401
192.168.32.5,2024-08-09 17:45:20.0,/api/v1/resource5,197,500
192.168.32.9,2024-08-19 01:35:14.0,/api/v1/resource8,946,410
192.168.32.5,2024-08-16 07:43:22.0,/api/v1/resource5,151,502
192.168.32.6,2024-08-25 06:57:58.0,/api/v1/resource7,571,500
192.168.32.1,2024-08-12 08:56:33.0,/api/v1/resource9,533,403
192.168.32.8,2024-08-09 23:49:01.0,/api/v1/resource6,306,410
192.168.32.7,2024-08-09 12:16:50.0,/api/v1/resource3,845,503
192.168.32.5,2024-08-26 17:06:44.0,/api/v1/resource10,824,200
192.168.32.9,2024-08-05 04:00:36.0,/api/v1/resource4,932,302
192.168.32.5,2024-08-16 13:42:18.0,/api/v1/resource7,742,503
192.168.32.1,2024-08-01 09:33:33.0,/api/v1/resource6,827,200
192.168.32.5,2024-08-15 18:20:24.0,/api/v1/resource4,241,410
192.168.32.4,2024-08-12 16:39:33.0,/api/v1/resource6,206,200
192.168.32.1,2024-08-25 00:18:13.0,/api/v1/resource9,744,410
192.168.32.1,2024-08-06 05:32:45.0,/api/v1/resource7,836,503
192.168.32.7,2024-08-28 10:14:34.0,/api/v1/resource4,532,403
192.168.32.5,2024-08-10 18:43:17.0,/api/v1/resource5,941,401
192.168.32.2,2024-08-05 18:34:16.0,/api/v1/resource5,619,403
192.168.32.1,2024-08-15 19:08:05.0,/api/v1/resource10,985,500
192.168.32.6,2024-08-20 09:05:13.0,/api/v1/resource7,538,302
192.168.32.1,2024-08-09 05:58:17.0,/api/v1/resource6,286,500
192.168.32.8,2024-08-20 10:01:04.0,/api/v1/resource1,486,502
192.168.32.1,2024-08-23 16:11:59.0,/api/v1/resource2,275,500
192.168.32.10,2024-08-21 20:15:07.0,/api/v1/resource9,691,500
192.168.32.7,2024-08-04 04:46:21.0,/api/v1/resource8,390,503
192.168.32.7,2024-08-11 07:41:22.0,/api/v1/resource3,780,401
192.168.32.10,2024-08-16 19:51:23.0,/api/v1/resource8,956,503
192.168.32.8,2024-08-16 01:13:18.0,/api/v1/resource10,666,403
192.168.32.1,2024-08-04 14:41:14.0,/api/v1/resource6,471,301
192.168.32.5,2024-08-05 14:46:18.0,/api/v1/resource7,221,302
192.168.32.1,2024-08-10 10:38:02.0,/api/v1/resource5,420,301
192.168.32.7,2024-08-09 19:41:37.0,/api/v1/resource7,672,503
192.168.32.2,2024-08-21 00:33:12.0,/api/v1/resource3,969,302
192.168.32.2,2024-08-08 01:24:37.0,/api/v1/resource3,118,502
192.168.32.3,2024-08-22 12:47:32.0,/api/v1/resource10,344,404
192.168.32.3,2024-08-23 06:06:03.0,/api/v1/resource5,247,503
192.168.32.7,2024-08-31 16:11:41.0,/api/v1/resource9,450,301
192.168.32.3,2024-08-02 10:26:39.0,/api/v1/resource1,851,200
192.168.32.4,2024-08-02 02:32:36.0,/api/v1/resource10,627,302
192.168.32.6,2024-08-13 14:46:21.0,/api/v1/resource4,941,404
192.168.32.3,2024-08-30 07:08:50.0,/api/v1/resource10,153,502
192.168.32.2,2024-08-10 18:41:43.0,/api/v1/resource7,841,500
192.168.32.7,2024-08-30 11:06:59.0,/api/v1/resource8,593,301
192.168.32.2,2024-08-17 04:18:36.0,/api/v1/resource1,783,401
192.168.32.6,2024-08-05 03:39:05.0,/api/v1/resource1,968,403
192.168.32.7,2024-08-21 17:14:01.0,/api/v1/resource3,308,401
192.168.32.9,2024-08-04 09:37:52.0,/api/v1/resource7,920,502
192.168.32.9,2024-08-16 00:43:22.0,/api/v1/resource7,476,502
192.168.32.5,2024-08-25 10:05:22.0,/api/v1/resource4,821,404
192.168.32.1,2024-08-23 22:21:55.0,/api/v1/resource1,113,403
192.168.32.7,2024-08-24 05:50:22.0,/api/v1/resource1,151,503
192.168.32.2,2024-08-21 17:01:47.0,/api/v1/resource7,716,502
192.168.32.9,2024-08-09 21:00:18.0,/api/v1/resource1,870,200
192.168.32.5,2024-08-06 15:11:09.0,/api/v1/resource10,671,503
192.168.32.6,2024-08-07 00:08:16.0,/api/v1/resource1,263,200
192.168.32.2,2024-08-29 09:51:15.0,/api/v1/resource5,972,200
192.168.32.10,2024-08-20 05:13:27.0,/api/v1/resource2,223,410
192.168.32.3,2024-08-24 14:28:06.0,/api/v1/resource9,845,503
192.168.32.6,2024-08-30 06:28:27.0,/api/v1/resource8,851,403
192.168.32.9,2024-08-28 12:43:25.0,/api/v1/resource4,367,410
192.168.32.6,2024-08-06 04:06:55.0,/api/v1/resource8,988,403
192.168.32.1,2024-08-17 13:13:38.0,/api/v1/resource9,944,503
192.168.32.3,2024-08-01 23:32:10.0,/api/v1/resource2,629,401
192.168.32.3,2024-08-28 11:46:11.0,/api/v1/resource5,208,500
192.168.32.9,2024-08-12 04:11:26.0,/api/v1/resource1,840,503
192.168.32.10,2024-08-23 21:03:05.0,/api/v1/resource10,678,502
192.168.32.4,2024-08-17 21:29:06.0,/api/v1/resource3,328,410
192.168.32.9,2024-08-27 05:52:54.0,/api/v1/resource8,709,401
192.168.32.8,2024-08-17 11:01:22.0,/api/v1/resource7,137,500
192.168.32.8,2024-08-16 16:52:02.0,/api/v1/resource9,714,502
192.168.32.1,2024-08-23 12:41:44.0,/api/v1/resource8,611,502
192.168.32.2,2024-08-27 21:20:10.0,/api/v1/resource10,765,410
192.168.32.4,2024-08-12 20:36:27.0,/api/v1/resource6,917,503
192.168.32.2,2024-08-03 13:58:47.0,/api/v1/resource4,156,403
192.168.32.6,2024-08-07 03:24:05.0,/api/v1/resource7,525,410
192.168.32.9,2024-08-04 08:36:02.0,/api/v1/resource4,305,301
192.168.32.5,2024-08-03 10:16:27.0,/api/v1/resource1,651,401
192.168.32.9,2024-08-13 18:21:06.0,/api/v1/resource4,881,404
192.168.32.9,2024-08-26 08:16:47.0,/api/v1/resource3,286,401
192.168.32.5,2024-08-30 13:06:22.0,/api/v1/resource2,876,503
192.168.32.4,2024-08-28 11:20:08.0,/api/v1/resource9,556,200
192.168.32.9,2024-08-22 09:43:03.0,/api/v1/resource10,941,503
192.168.32.3,2024-08-16 01:31:09.0,/api/v1/resource9,917,500
192.168.32.2,2024-08-19 18:25:42.0,/api/v1/resource4,321,302
192.168.32.6,2024-08-06 06:39:06.0,/api/v1/resource10,219,404
192.168.32.3,2024-08-23 08:51:56.0,/api/v1/resource6,160,403
192.168.32.4,2024-08-14 08:34:10.0,/api/v1/resource4,118,401
192.168.32.8,2024-08-04 23:36:39.0,/api/v1/resource10,159,404
192.168.32.5,2024-08-09 03:13:14.0,/api/v1/resource3,749,404
192.168.32.5,2024-08-30 18:58:44.0,/api/v1/resource3,782,502
192.168.32.8,2024-08-06 16:45:58.0,/api/v1/resource10,323,503
192.168.32.2,2024-08-05 17:14:00.0,/api/v1/resource1,824,500
192.168.32.4,2024-08-26 05:06:41.0,/api/v1/resource6,764,404
192.168.32.8,2024-08-17 08:18:35.0,/api/v1/resource10,641,410
192.168.32.10,2024-08-17 04:50:15.0,/api/v1/resource8,741,301
192.168.32.9,2024-08-25 22:05:25.0,/api/v1/resource10,646,502
192.168.32.10,2024-08-19 23:58:59.0,/api/v1/resource9,686,500
192.168.32.3,2024-08-21 01:07:10.0,/api/v1/resource3,884,500
192.168.32.7,2024-08-07 23:00:41.0,/api/v1/resource9,239,404
192.168.32.8,2024-08-24 17:29:38.0,/api/v1/resource9,943,410
192.168.32.2,2024-08-08 10:31:29.0,/api/v1/resource4,254,200
192.168.32.3,2024-08-24 09:44:58.0,/api/v1/resource1,469,503
192.168.32.6,2024-08-05 09:44:48.0,/api/v1/resource5,873,404
192.168.32.8,2024-08-14 03:11:10.0,/api/v1/resource3,939,302
192.168.32.10,2024-08-21 23:38:05.0,/api/v1/resource4,623,503
192.168.32.6,2024-08-20 01:23:03.0,/api/v1/resource8,753,302
192.168.32.3,2024-08-09 11:22:24.0,/api/v1/resource9,848,500
192.168.32.2,2024-08-25 05:46:40.0,/api/v1/resource8,581,301
192.168.32.7,2024-08-29 11:31:34.0,/api/v1/resource1,173,200
192.168.32.9,2024-08-29 07:09:49.0,/api/v1/resource5,535,404
192.168.32.7,2024-08-16 01:44:30.0,/api/v1/resource2,584,502
192.168.32.10,2024-08-26 20:00:31.0,/api/v1/resource2,323,404
192.168.32.9,2024-08-19 08:28:05.0,/api/v1/resource6,547,503
192.168.32.2,2024-08-12 11:06:38.0,/api/v1/resource3,606,302
192.168.32.3,2024-08-30 12:47:31.0,/api/v1/resource2,648,500
192.168.32.7,2024-08-27 05:05:46.0,/api/v1/resource8,994,200
192.168.32.2,2024-08-03 07:23:17.0,/api/v1/resource7,621,401
192.168.32.7,2024-08-07 18:29:56.0,/api/v1/resource7,277,301
192.168.32.7,2024-08-30 13:53:36.0,/api/v1/resource4,320,401
192.168.32.2,2024-08-27 12:11:22.0,/api/v1/resource8,355,404
192.168.32.9,2024-08-04 16:30:01.0,/api/v1/resource8,398,502
192.168.32.3,2024-08-26 09:35:16.0,/api/v1/resource7,189,200
192.168.32.8,2024-08-21 20:26:22.0,/api/v1/resource8,576,404
192.168.32.1,2024-08-08 22:45:32.0,/api/v1/resource5,293,500
192.168.32.3,2024-08-04 04:04:30.0,/api/v1/resource9,805,502
192.168.32.5,2024-08-15 15:31:04.0,/api/v1/resource6,976,401
192.168.32.3,2024-08-30 05:08:14.0,/api/v1/resource10,563,403
192.168.32.10,2024-08-28 04:04:03.0,/api/v1/resource3,652,200
192.168.32.10,2024-08-18 02:40:55.0,/api/v1/resource1,383,502
192.168.32.5,2024-08-04 14:55:27.0,/api/v1/resource10,161,302
192.168.32.6,2024-08-29 00:37:50.0,/api/v1/resource10,440,503
192.168.32.7,2024-08-05 20:23:25.0,/api/v1/resource4,929,301
192.168.32.4,2024-08-05 16:39:00.0,/api/v1/resource3,253,200
192.168.32.3,2024-08-05 03:42:33.0,/api/v1/resource5,112,503
192.168.32.10,2024-08-04 17:34:24.0,/api/v1/resource6,722,302
192.168.32.6,2024-08-16 15:37:48.0,/api/v1/resource3,285,502
192.168.32.2,2024-08-04 12:20:48.0,/api/v1/resource5,489,410
192.168.32.1,2024-08-23 17:07:43.0,/api/v1/resource2,369,410
192.168.32.6,2024-08-08 18:28:33.0,/api/v1/resource8,977,404
192.168.32.2,2024-08-09 16:36:10.0,/api/v1/resource6,404,302
192.168.32.5,2024-08-14 04:49:18.0,/api/v1/resource4,180,503
192.168.32.8,2024-08-12 14:58:50.0,/api/v1/resource9,932,503
192.168.32.5,2024-08-02 00:36:40.0,/api/v1/resource7,915,401
192.168.32.7,2024-08-05 05:32:51.0,/api/v1/resource9,999,503
192.168.32.7,2024-08-03 02:01:20.0,/api/v1/resource5,233,410
192.168.32.9,2024-08-14 16:04:35.0,/api/v1/resource9,995,503
192.168.32.2,2024-08-12 07:06:12.0,/api/v1/resource3,224,500
192.168.32.8,2024-08-27 12:35:22.0,/api/v1/resource3,634,410
192.168.32.1,2024-08-21 16:20:34.0,/api/v1/resource3,148,302
192.168.32.4,2024-08-26 07:45:43.0,/api/v1/resource5,798,404
192.168.32.4,2024-08-05 22:24:06.0,/api/v1/resource9,795,502
192.168.32.5,2024-08-13 14:21:39.0,/api/v1/resource5,617,410
192.168.32.8,2024-08-05 00:59:35.0,/api/v1/resource5,702,500
192.168.32.3,2024-08-20 01:51:29.0,/api/v1/resource3,253,200
192.168.32.4,2024-08-11 07:47:36.0,/api/v1/resource3,900,410
